Date,AAPL,MSFT,GOOG,AMZN,DB
2010-01-04,27.095369,24.827723000000002,311.34997599999997,133.899994,59.885597
2010-01-05,27.14221,24.835745000000003,309.978882,134.690002,61.030476
2010-01-06,26.710482,24.683319,302.164703,132.25,59.97555500000001
2010-01-07,26.661103999999998,24.42662,295.13046299999996,130.0,60.65430799999999
2010-01-08,26.838356,24.595085,299.06487999999996,133.520004,62.845932
2010-01-11,26.601601000000002,24.282234,298.612823,130.309998,62.494293000000006
2010-01-12,26.299009,24.12179,293.332153,127.349998,60.59705699999999
2010-01-13,26.669970000000003,24.346409,291.648102,129.110001,60.269951
2010-01-14,26.515507,24.835745000000003,293.019196,127.349998,59.942848
2010-01-15,26.072376000000002,24.755523999999998,288.12600699999996,127.139999,57.023384
2010-01-19,27.225779,24.948053,291.911407,127.610001,57.832985
2010-01-20,26.806704999999997,24.538933,288.329681,125.779999,56.164722
2010-01-21,26.343319,24.073666,289.606384,126.620003,53.645981000000006
2010-01-22,25.036724,23.231369,273.22790499999996,121.43,50.816479
2010-01-25,25.710279,23.520159,268.25524900000005,120.309998,52.239407
2010-01-26,26.073641000000002,23.664547,269.457428,119.480003,50.530258
2010-01-27,26.319265,23.800926,269.29846200000003,122.75,51.20084
2010-01-28,25.231701,23.3918,265.418701,126.029999,50.284924
2010-01-29,24.316326,22.605659,263.257751,125.410004,49.859688
2010-02-01,24.654367,22.790159,264.787811,118.870003,51.887768
2010-02-02,24.797435999999998,22.830275,263.843964,118.120003,53.482422
2010-02-03,25.224104,22.966642,268.662598,119.099998,52.402958
2010-02-04,24.315057999999997,22.332918,261.687958,115.940002,48.739334
2010-02-05,24.746792000000003,22.477314,263.928406,117.389999,48.690277
2010-02-08,24.577139000000003,22.236654,265.011353,116.83000200000001,47.349121000000004
2010-02-09,24.839218,22.469294,266.48675499999996,118.029999,50.881904999999996
2010-02-10,24.703745,22.453243,265.498199,117.360001,51.307148
2010-02-11,25.153202,22.557535,266.466888,120.089996,50.538441
2010-02-12,25.369703,22.405117,264.837494,119.660004,49.532574
2010-02-16,25.752064,22.848379,268.901062,117.529999,52.157639
2010-02-17,25.644442,23.041807000000002,267.366028,116.309998,51.879585
2010-02-18,25.692556,23.348060999999998,269.85485800000004,118.08000200000001,52.975407
2010-02-19,25.533033,23.186869,268.632813,117.519997,53.098071999999995
2010-02-22,25.374765,23.154633999999998,269.64621,118.010002,53.07354
2010-02-23,24.949368,22.832262,265.80618300000003,117.239998,50.710167
2010-02-24,25.405157,23.074039000000003,264.017822,119.720001,51.585190000000004
2010-02-25,25.574811999999998,23.049862,261.51409900000004,118.199997,51.24173
2010-02-26,25.906523,23.106277,261.697906,118.400002,51.928653999999995
2010-03-01,26.459799,23.388363000000002,264.623871,124.540001,52.591044999999994
2010-03-02,26.442078000000002,22.937031,268.78182999999996,125.529999,53.024467
2010-03-03,26.502844,22.937031,270.898071,125.889999,54.431038
2010-03-04,26.677568,23.074039000000003,275.503113,128.529999,55.199749
2010-03-05,27.720817999999998,23.041807000000002,280.28204300000004,128.91000400000001,56.76169599999999
2010-03-08,27.737270000000002,23.074039000000003,279.422638,130.110001,56.745342
2010-03-09,28.236110999999998,23.21105,278.285034,128.820007,57.24418299999999
2010-03-10,28.466535999999998,23.348060999999998,286.362488,130.509995,57.792094999999996
2010-03-11,28.550096999999997,23.517309,288.69232200000005,133.580002,58.519913
2010-03-12,28.689366999999997,23.58984,287.897491,131.820007,59.239559
2010-03-15,28.339926000000002,23.605959,279.770355,131.130005,59.026928000000005
2010-03-16,28.41716,23.670443,280.77383399999997,131.78999299999998,61.00595500000001
2010-03-17,28.375376,23.879978,280.952667,131.33999599999999,61.594749
2010-03-18,28.442484000000004,23.863861,281.369965,132.759995,60.59705699999999
2010-03-19,28.138621999999998,23.847746,278.190643,130.350006,59.991905
2010-03-22,28.455140999999998,23.855804,276.94872999999995,130.470001,60.032791
2010-03-23,28.912198999999998,24.08147,272.72616600000003,129.259995,60.572529
2010-03-24,29.04007,23.896103,276.864258,128.03999299999998,60.269951
2010-03-25,28.695690000000003,24.186245,279.621338,134.729996,61.243103000000005
2010-03-26,29.23378,23.904158,279.526947,135.059998,63.361137
2010-03-29,29.422417,23.847746,279.407715,135.119995,64.301575
2010-03-30,29.860489,23.992813,281.523956,136.580002,63.802746
2010-03-31,29.752874,23.605959,281.72763100000003,135.770004,62.86229300000001
2010-04-01,29.875681,23.501185999999997,282.56219500000003,131.809998,64.15437299999999
2010-04-05,30.194727,23.58984,283.660065,131.490005,64.824951
2010-04-06,30.327672999999997,23.630144,282.274078,135.559998,64.039902
2010-04-07,30.461873999999998,23.654312,279.949188,134.869995,62.445236
2010-04-08,30.379583,24.113705,281.911438,140.96000700000002,62.191734
2010-04-09,30.612543,24.4522,281.280548,140.059998,63.990826
2010-04-12,30.67585,24.436079,284.514496,141.199997,64.465141
2010-04-13,30.693572999999997,24.540851999999997,291.489136,140.16000400000001,64.33429699999999
2010-04-14,31.106317999999998,24.839054,292.596924,144.279999,66.714012
2010-04-15,31.515261,24.879347,295.72659300000004,145.820007,66.828491
2010-04-16,31.322824,24.718164,273.29745499999996,142.169998,60.65430799999999
2010-04-19,31.281036,25.016354,273.27261400000003,142.429993,60.163635
2010-04-20,30.967041,25.274254,275.726654,144.199997,61.13678
2010-04-21,32.819321,25.25008,275.35907000000003,146.429993,60.580707999999994
2010-04-22,33.737213,25.298435,271.762451,150.08999599999999,59.394936
2010-04-23,34.289246,24.951883,270.734131,143.630005,58.961514
2010-04-26,34.120841999999996,25.072773,264.102264,147.110001,59.828354000000004
2010-04-27,33.17635,24.863229999999998,262.820618,142.020004,56.181084
2010-04-28,33.120644,24.911583,262.885193,139.350006,56.990677000000005
2010-04-29,34.011971,24.984119,264.28109700000005,141.729996,58.331832999999996
2010-04-30,33.056076000000004,24.613388,261.151459,137.100006,56.164722
2010-05-03,33.722031,24.871284,263.585632,137.490005,56.696278
2010-05-04,32.75095,24.282953,251.54892,129.830002,54.013977000000004
2010-05-05,32.41037,24.057289,253.232971,130.929993,52.345721999999995
2010-05-06,31.177212,23.356125,247.72380099999998,128.71000700000002,48.314091
2010-05-07,29.861755,22.735546,244.976669,124.980003,48.371334000000004
2010-05-10,32.15715,23.323887,259.13955699999997,131.28999299999998,53.605091
2010-05-11,32.477467,23.275524,252.880264,130.46000700000002,52.541985
2010-05-12,33.182682,23.726858,251.062088,133.869995,53.179843999999996
2010-05-13,32.710423,23.565668,253.789352,131.470001,51.429813
2010-05-14,32.135639000000005,23.315821,252.12516800000003,128.529999,49.777908000000004
2010-05-17,32.186283,23.323887,252.34375,128.91000400000001,50.080486
2010-05-18,31.95079,23.153868,247.574768,126.279999,48.363167
2010-05-19,31.441815999999996,22.862420999999998,245.61749300000002,124.589996,49.442619
2010-05-20,30.102320000000002,21.947605,235.970245,119.709999,47.839787
2010-05-21,30.679644,21.729013000000002,234.499802,122.720001,49.221817
2010-05-24,31.241777000000003,21.267563,237.0383,122.120003,47.422722
2010-05-25,31.046803000000004,21.105642,236.993591,124.860001,48.076935
2010-05-26,30.906260999999997,20.247492,236.198761,123.209999,46.776688
2010-05-27,32.076126,21.048973,243.645325,126.699997,50.726524
2010-05-28,32.52306,20.887058,241.24592599999997,125.459999,49.492447
2010-06-01,33.023148,20.959919,239.626465,123.239998,48.013577000000005
2010-06-02,33.418171,21.421381,245.090927,126.309998,49.409363
2010-06-03,33.313095000000004,21.745207,251.16639700000002,128.759995,49.110264
2010-06-04,32.406574,20.878965,247.748627,122.769997,45.969742
2010-06-07,31.771010999999998,20.474173,241.191284,122.010002,45.105671
2010-06-08,31.567166999999998,20.328453,240.823669,118.839996,46.302067
2010-06-09,30.791069,20.069387,235.478439,117.910004,46.094359999999995
2010-06-10,31.716557,20.239399,241.931473,123.209999,47.930489
2010-06-11,32.096385999999995,20.773712,242.671661,123.029999,48.678238
2010-06-14,32.193871,20.644184,240.03381299999998,123.83000200000001,48.503757
2010-06-15,32.878819,21.518526,247.38598599999997,126.839996,51.370117
2010-06-16,33.835978999999995,21.308039,249.015396,126.900002,51.203953000000006
2010-06-17,34.420906,21.348515,248.42424,125.889999,51.735683
2010-06-18,34.699448,21.405188,248.39939900000002,125.83000200000001,51.494743
2010-06-21,34.205673,21.008492999999998,242.70146200000002,122.550003,51.029476
2010-06-22,34.671589000000004,20.862772,241.553925,122.309998,49.808155
2010-06-23,34.306957000000004,20.490368,239.46749900000003,121.449997,49.874621999999995
2010-06-24,34.057541,20.239399,236.01495400000002,118.33000200000001,48.561916
2010-06-25,33.766338,19.858895999999998,234.812775,121.0,49.010563
2010-06-28,33.968918,19.680792,234.51470899999998,117.800003,49.02718
2010-06-29,32.433163,18.87122,225.662277,108.610001,46.493156
2010-06-30,31.845707,18.628342,221.03736899999998,109.260002,46.659321000000006
2010-07-01,31.459551,18.749784,218.32501200000002,110.959999,47.539993
2010-07-02,31.264568,18.838832999999997,216.86450200000002,109.139999,46.941803
2010-07-06,31.478537,19.284101,216.62605299999998,110.059998,47.656315
2010-07-07,32.749683000000005,19.672697,223.64540099999996,113.43,50.697146999999994
2010-07-08,32.676254,19.761745,226.80485499999998,116.220001,52.159405
2010-07-09,32.869972,19.648405,232.23454300000003,117.260002,52.317261
2010-07-12,32.574965999999996,20.101772,236.377594,119.510002,51.710762
2010-07-13,31.879879,20.344646,243.019394,123.650002,53.098243999999994
2010-07-14,31.997627,20.59561,244.08247400000002,123.300003,53.264407999999996
2010-07-15,31.835569,20.652281,245.41381800000002,122.059998,53.081627000000005
2010-07-16,31.639339,20.150343,228.31999199999998,118.489998,50.871624
2010-07-19,31.09239,20.425601999999998,231.58377099999998,119.940002,51.029476
2010-07-20,31.891277000000002,20.627995000000002,239.23898300000002,120.099998,51.419968
2010-07-21,32.188808,20.336548,237.20719900000003,117.43,50.19865
2010-07-22,32.793995,20.919439,240.83857700000002,120.07,53.397339
2010-07-23,32.910472999999996,20.895153,243.446609,118.870003,53.621662
2010-07-26,32.826927000000005,21.129932,242.905136,118.400002,54.984221999999995
2010-07-27,33.434635,21.178504999999998,244.72331200000002,117.129997,56.546177
2010-07-28,33.039615999999995,21.008492999999998,240.610062,117.129997,57.210846
2010-07-29,32.678779999999996,21.073259,240.92799399999998,116.860001,58.174603000000005
2010-07-30,32.569897,20.895153,240.858444,117.889999,58.357388
2010-08-02,33.152297999999995,21.316135,243.620483,120.07,60.442764000000004
2010-08-03,33.162422,21.178504999999998,243.33235200000001,122.41999799999999,61.406521
2010-08-04,33.295364,20.830382999999998,251.52407799999997,127.58000200000001,61.20711899999999
2010-08-05,33.133308,20.538944,252.408325,127.83000200000001,61.639153
2010-08-06,32.929466,20.684664,248.49379,128.320007,61.888408999999996
2010-08-09,33.139645,20.733238,251.042206,128.830002,61.655766
2010-08-10,32.843369,20.296060999999998,250.227509,130.0,60.667091000000006
2010-08-11,31.67605,20.126064000000003,244.281189,125.889999,57.16099200000001
2010-08-12,31.878626,19.826515,244.41531400000002,126.559998,56.488021999999994
2010-08-13,31.538038,19.753656,241.60360699999998,124.690002,55.773509999999995
2010-08-16,31.353193,19.834608,241.226059,126.07,55.532574
2010-08-17,31.901409,20.111335999999998,243.675125,128.860001,56.330162
2010-08-18,32.040668,20.200863000000002,239.517166,129.649994,56.172309999999996
2010-08-19,31.636803000000004,19.891582,232.472992,127.57,54.568813
2010-08-20,31.606419,19.720663000000002,229.517212,127.760002,53.95399499999999
2010-08-23,31.120234999999997,19.761362,230.535583,126.599998,53.605042000000005
2010-08-24,30.377045000000003,19.566027,224.23655699999998,124.529999,52.799141000000006
2010-08-25,30.75181,19.614857,225.841125,126.849998,52.923767000000005
2010-08-26,30.421366,19.386967000000002,224.032883,124.860001,52.176018
2010-08-27,30.591021,19.476496,227.93252599999997,126.639999,53.272713
2010-08-30,30.702431,19.240465,224.882355,123.790001,51.943394
2010-08-31,30.778406,19.102102,223.555984,124.83000200000001,52.076324
2010-09-01,31.693772999999997,19.452082,228.677673,132.490005,53.912453
2010-09-02,31.926731,19.484636,230.09346000000002,135.21000700000002,52.807453
2010-09-03,32.762356,19.769503,233.630463,138.78999299999998,53.679825
2010-09-07,32.640793,19.500914,230.69952400000003,137.220001,51.943394
2010-09-08,33.287769,19.476496,233.769562,139.139999,51.478123
2010-09-09,33.306759,19.541607,236.55146800000003,140.380005,49.841393
2010-09-10,33.349808,19.411386,236.53158599999998,142.440002,50.265114000000004
2010-09-13,33.809387,20.436895,239.57678199999998,145.070007,51.777229
2010-09-14,33.938538,20.371782,238.662735,145.75,52.790836
2010-09-15,34.212006,20.445034,238.767044,145.449997,52.441883
2010-09-16,35.015961,20.615952,238.975693,148.130005,51.162415
2010-09-17,34.86404,20.526423,243.491318,148.320007,50.049095
2010-09-20,35.859177,20.69734,252.497742,151.300003,51.062714
2010-09-21,35.927532,20.469445999999998,255.07101400000002,150.729996,49.675228000000004
2010-09-22,36.431435,20.029943,256.332794,151.830002,45.978043
2010-09-23,36.579571,19.883444,255.080948,152.850006,45.113979
2010-09-24,37.010033,20.168306,261.941315,160.729996,46.285454
2010-09-27,36.863174,20.127613,263.491241,159.369995,45.629093
2010-09-28,36.318756,20.086922,261.881714,159.699997,45.346610999999996
2010-09-29,36.383339,19.940414,262.14004500000004,158.990005,44.258228
2010-09-30,35.925018,19.93228,261.196167,157.059998,45.637402
2010-10-01,35.769287,19.842747,261.111725,153.71000700000002,45.795260999999996
2010-10-04,35.278042,19.46022,259.487274,155.389999,45.064133
2010-10-05,36.582104,19.818336,267.375977,160.869995,46.975037
2010-10-06,36.613758000000004,19.883444,265.448517,155.399994,47.548309
2010-10-07,36.617558,19.964832,263.29254199999997,156.270004,47.049809
2010-10-08,37.231598,19.997391,266.442047,155.550003,46.908569
2010-10-11,37.394932,20.013666,267.679016,153.029999,46.659321000000006
2010-10-12,37.79755,20.209003,268.94577000000004,156.479996,46.443306
2010-10-13,38.000111,20.624084,269.894592,155.169998,47.947109000000005
2010-10-14,38.274848999999996,20.534563000000002,268.71725499999997,155.529999,47.76432
2010-10-15,39.848583000000005,20.786870999999998,298.781708,164.639999,47.083042
2010-10-18,40.261326000000004,21.014758999999998,306.859192,163.559998,48.520374
2010-10-19,39.183895,20.428751000000002,301.95111099999997,158.669998,47.822483
2010-10-20,39.315578,20.59967,302.025604,158.669998,49.068726
2010-10-21,39.187695,20.689196,304.01767,164.970001,48.470528
2010-10-22,38.92815,20.656639000000002,304.285919,169.130005,48.761318
2010-10-25,39.101601,20.502003,306.258087,169.0,48.287746000000006
2010-10-26,39.001579,21.079863,307.3013,169.949997,47.731091
2010-10-27,38.973735999999995,21.201952,306.243195,167.509995,47.805859000000005
2010-10-28,38.645817,21.389151000000002,307.29135099999996,166.83999599999999,48.121578
2010-10-29,38.106464,21.706566,304.867126,165.229996,48.088345000000004
2010-11-01,38.511612,21.934458,305.512939,162.580002,47.099655
2010-11-02,39.167446000000005,22.292576,305.81100499999997,164.610001,47.963718
2010-11-03,39.602973999999996,21.999565,308.086182,168.470001,47.930489
2010-11-04,40.295517,22.089098,310.117981,168.929993,49.351203999999996
2010-11-05,40.151188,21.853069,310.520355,170.770004,49.002258000000005
2010-11-08,40.339836,21.820509,311.359894,171.990005,48.520374
2010-11-09,40.018246000000005,21.934458,310.39120499999996,170.270004,47.697849
2010-11-10,40.265141,21.926320999999998,309.42746,173.330002,47.132896
2010-11-11,40.090412,21.714705,306.600861,170.369995,46.127590000000005
2010-11-12,38.999046,21.381007999999998,299.69577000000004,165.679993,45.886654
2010-11-15,38.873714,21.324032,295.811035,158.899994,45.861725
2010-11-16,38.183701,21.135693,289.97399900000005,157.779999,45.16383
2010-11-17,38.045691999999995,20.939154000000002,289.88955699999997,158.350006,45.338306
2010-11-18,39.049683,21.160257,296.352509,164.169998,46.443306
2010-11-19,38.834469,21.037426,293.506012,164.820007,46.11097
2010-11-22,39.673866,21.070176999999997,293.699768,170.389999,45.1306
2010-11-23,39.087680999999996,20.570652,289.621307,168.199997,43.394165
2010-11-24,39.856178,20.775373000000002,295.56265299999995,177.25,43.336009999999995
2010-11-26,39.881516,20.677104999999997,293.093719,177.199997,41.998375
2010-11-29,40.118271,20.726244,289.174194,179.490005,41.001377000000005
2010-11-30,39.394065999999995,20.685299,276.059509,175.399994,39.846534999999996
2010-12-01,40.058762,21.324032,280.35159300000004,176.550003,41.416798
2010-12-02,40.280327,22.020103,284.06243900000004,176.529999,42.66304
2010-12-03,40.190437,22.126554000000002,284.648621,175.679993,43.369244
2010-12-06,40.533535,21.979149,287.31131,178.050003,42.147926
2010-12-07,40.287926,22.003719,291.67294300000003,176.770004,41.90699
2010-12-08,40.642421999999996,22.298523,293.361969,176.28999299999998,42.69627
2010-12-09,40.484158,22.17569,293.838867,174.850006,43.410782
2010-12-10,40.585457,22.388597,294.191559,175.619995,43.97575
2010-12-13,40.725986,22.314898,295.388794,174.25,44.549023
2010-12-14,40.551272999999995,22.617893,295.53283700000003,173.940002,44.407771999999994
2010-12-15,40.560131,22.80624,293.24273700000003,175.570007,43.186459
2010-12-16,40.672806,22.920885000000002,293.943176,178.03999299999998,43.560333
2010-12-17,40.591789,22.847181,293.49111899999997,177.580002,43.585258
2010-12-20,40.79435,22.773489,295.60736099999997,183.28999299999998,43.028599
2010-12-21,41.046303,22.986389000000003,299.58648700000003,184.75,43.244614
2010-12-22,41.167843,23.08466,300.78866600000003,184.759995,43.16153
2010-12-23,40.970348,23.174734,300.16272000000004,182.58999599999999,43.136612
2010-12-27,41.107067,22.986389000000003,299.243713,182.139999,43.095065999999996
2010-12-28,41.207096,22.937260000000002,297.524902,181.08999599999999,43.020294
2010-12-29,41.184311,22.904507000000002,298.55816699999997,183.369995,43.277846999999994
2010-12-30,40.977936,22.80624,297.495087,182.75,42.978747999999996
2010-12-31,40.838676,22.855370999999998,295.06588700000003,180.0,43.244614
2011-01-03,41.726177,22.912699,300.222351,184.220001,43.792965
2011-01-04,41.943951,23.002779,299.114563,185.009995,44.582253
2011-01-05,42.287071000000005,22.929071,302.567078,187.419998,45.695557
2011-01-06,42.252876,23.600565,304.767792,185.860001,44.989353
2011-01-07,42.55547,23.420408,306.228271,185.490005,43.950821000000005
2011-01-10,43.356891999999995,23.109228,305.12048300000004,184.679993,43.527103000000004
2011-01-11,43.254349,23.019156,306.014679,184.33999599999999,43.643417
2011-01-12,43.606312,23.379471,306.44189500000005,184.080002,46.002968
2011-01-13,43.765831,23.08466,306.35247799999996,185.529999,47.224284999999995
2011-01-14,44.12035,23.174734,310.073273,188.75,48.154816
2011-01-18,43.129005,23.469542,317.748352,191.25,48.362522
2011-01-19,42.899853,23.31395,313.833801,186.869995,48.312672
2011-01-20,42.119934,23.215685,311.359894,181.96000700000002,48.919174
2011-01-21,41.365353000000006,22.945452,303.938171,177.419998,50.248497
2011-01-24,42.723858,23.240253,303.565613,176.850006,50.431282
2011-01-25,43.223957,23.297577,307.95205699999997,176.699997,49.874621999999995
2011-01-26,43.534161,23.567814000000002,306.258087,175.389999,49.268127
2011-01-27,43.453121,23.641507999999998,306.402161,184.449997,50.007557
2011-01-28,42.55294,22.724344,298.55319199999997,171.139999,48.935790999999995
2011-01-31,42.960613,22.707973000000003,298.240234,169.639999,48.645
2011-02-01,43.683544,22.920885000000002,303.545715,172.110001,50.788540000000005
2011-02-02,43.593651,22.879939999999998,304.02261400000003,173.529999,50.489441
2011-02-03,43.482239,22.642462,303.103607,173.71000700000002,51.428272
2011-02-04,43.869663,22.740723000000003,303.51592999999997,175.929993,52.209255
2011-02-07,44.550812,23.092848,305.160217,176.429993,52.76590699999999
2011-02-08,44.971138,23.158361,307.19201699999996,183.059998,53.322570999999996
2011-02-09,45.345901,22.904507000000002,306.258087,185.300003,53.413959999999996
2011-02-10,44.887592,22.519625,306.228271,186.21000700000002,52.018169
2011-02-11,45.180054,22.314898,310.232239,189.25,52.350494
2011-02-14,45.475052000000005,22.298523,312.04544100000004,190.419998,51.611061
2011-02-15,45.566208,22.207907000000002,310.05838,189.029999,52.441883
2011-02-16,45.975155,22.257338,310.09314,186.619995,54.527267
2011-02-17,45.363632,22.413845000000002,310.609772,187.759995,54.128471
2011-02-18,44.383694,22.290281,313.004211,186.5,54.377712
2011-02-22,42.870734999999996,21.903131,303.133423,180.419998,52.209255
2011-02-23,43.378414,21.903131,303.684814,176.679993,52.358803
2011-02-24,43.411339,22.051401000000002,302.442902,177.75,52.350494
2011-02-25,44.079834000000005,21.870182,303.04895,177.240005,53.14809
2011-02-28,44.719208,21.894892000000002,304.71810899999997,173.28999299999998,53.322570999999996
2011-03-01,44.225426,21.548925,298.43893399999996,169.440002,52.018169
2011-03-02,44.581203,21.483025,298.45385699999997,172.020004,52.790836
2011-03-03,45.523163000000004,21.581873,302.810516,172.78999299999998,53.563503000000004
2011-03-04,45.578860999999996,21.375937,298.369385,171.669998,52.192638
2011-03-07,44.991405,21.186478,293.918335,169.080002,51.503056
2011-03-08,45.042046,21.342991,294.241241,166.889999,51.453201
2011-03-09,44.625510999999996,21.326517000000003,293.972992,169.050003,50.705456
2011-03-10,43.891182,20.931126000000003,288.275055,166.139999,49.243198
2011-03-11,44.564735,21.15353,286.49163799999997,168.070007,49.558914
2011-03-14,44.763515000000005,21.161772,283.153351,166.729996,49.90786
2011-03-15,43.73418,20.914648,282.939758,165.080002,47.938796999999994
2011-03-16,41.781895,20.420408,276.75,164.699997,45.961426
2011-03-17,42.368084,20.412167,278.866241,160.970001,47.323986
2011-03-18,41.865459,20.428648000000003,278.71722400000004,161.820007,47.448608
2011-03-21,42.958079999999995,20.865226999999997,286.387329,164.520004,48.736389
2011-03-22,43.198646999999994,20.840508,286.794678,162.600006,48.545307
2011-03-23,42.94416,21.03821,289.199036,165.320007,47.996956
2011-03-24,43.675957000000004,21.260616,291.548767,171.100006,49.018875
2011-03-25,44.507763,21.104105,287.996857,170.979996,48.279441999999996
2011-03-28,44.368496,20.931126000000003,285.821014,169.350006,48.503757
2011-03-29,44.434329999999996,20.997019,288.98544300000003,174.619995,48.603462
2011-03-30,44.139339,21.095867000000002,289.04007,179.419998,49.251507000000004
2011-03-31,44.124142,20.914648,291.484161,180.130005,49.07703
2011-04-01,43.624039,20.988782999999998,293.987885,180.130005,50.240196000000005
2011-04-04,43.197369,21.046442000000003,291.941193,182.940002,49.716770000000004
2011-04-05,42.906185,21.235903,282.706268,185.28999299999998,49.442596
2011-04-06,42.798553000000005,21.540688,285.234833,182.759995,50.132179
2011-04-07,42.803616,21.581873,288.12600699999996,184.91000400000001,50.630684
2011-04-08,42.421265000000005,21.474785,287.211975,184.71000700000002,51.195648
2011-04-11,41.881927000000005,21.400654,286.819519,184.03999299999998,51.012859000000006
2011-04-12,42.084488,21.120583,283.461365,180.479996,50.688843
2011-04-13,42.556728,21.112347,286.278046,182.28999299999998,50.996246
2011-04-14,42.087016999999996,20.93936,287.385834,181.820007,50.323273
2011-04-15,41.459042,20.89817,263.635315,180.009995,49.259815
2011-04-18,42.014854,20.65929,261.717773,178.33999599999999,47.539993
2011-04-19,42.775768,20.716948000000002,259.079926,178.820007,47.780937
2011-04-20,43.351836999999996,21.219431,261.16635099999996,183.869995,48.453907
2011-04-21,44.401413,21.021734,260.853394,185.889999,49.517368
2011-04-25,44.693882,21.095867000000002,260.828552,185.419998,49.617069
2011-04-26,44.365963,21.573635,264.688446,182.300003,50.605755
2011-04-27,44.331779,21.730145,267.142487,196.630005,51.511356
2011-04-28,43.901306,22.001978,267.246826,195.070007,54.236473
2011-04-29,44.329246999999995,21.351226999999998,270.292023,195.809998,54.269707
2011-05-02,43.841808,21.137056,267.539917,201.190002,54.120158999999994
2011-05-03,44.084891999999996,21.260616,265.22000099999997,198.449997,53.164711
2011-05-04,44.25835,21.466553,266.163849,199.970001,52.981926
2011-05-05,43.901306,21.244139,265.408783,197.110001,51.444889
2011-05-06,43.889919,21.310041000000002,265.92044100000004,197.600006,50.339893
2011-05-09,44.00893,21.277092,267.102753,200.800003,50.447899
2011-05-10,44.243149,21.145294,269.57666,203.940002,51.544594000000004
2011-05-11,43.962074,20.889936,265.994965,204.380005,50.323273
2011-05-12,43.878521,20.856983,265.796265,206.070007,50.830078
2011-05-13,43.110012,20.618097,263.06402599999996,202.559998,49.160114
2011-05-16,42.198433,20.239182999999997,257.534973,192.509995,49.02718
2011-05-17,42.558006,20.330385,263.516083,194.809998,49.758308
2011-05-18,43.030258,20.471342,263.193176,197.08999599999999,50.049095
2011-05-19,43.113811,20.496214000000002,263.908539,198.800003,50.522671
2011-05-20,42.441509,20.305515,260.321869,198.649994,48.545307
2011-05-23,42.3377,20.04019,257.520081,196.220001,47.614777000000004
2011-05-24,42.057896,20.023613,257.45550499999996,193.270004,47.315678000000005
2011-05-25,42.639038,20.056776,258.15594500000003,192.259995,48.154816
2011-05-26,42.413662,20.454754,257.39092999999997,195.0,48.420681
2011-05-27,42.718788,20.529385,258.766968,194.130005,49.387558
2011-05-31,44.038055,20.73666,262.80072,196.690002,50.615894
2011-06-01,43.744324,20.255770000000002,261.101776,192.399994,49.362140999999994
2011-06-02,43.819016,20.08165,262.323822,193.649994,49.540034999999996
2011-06-03,43.482239,19.824619000000002,259.849915,188.320007,50.505764
2011-06-06,42.798553000000005,19.907528,258.846466,185.690002,48.913166
2011-06-07,42.038906,19.948988,257.838013,187.550003,49.607807
2011-06-08,42.064232000000004,19.849495,257.907562,188.050003,48.557373
2011-06-09,41.969284,19.866072,256.69543500000003,189.679993,49.006351
2011-06-10,41.261547,19.658789000000002,253.10876499999998,186.529999,48.328648
2011-06-13,41.350159000000005,19.932407,250.73422200000002,186.28999299999998,48.354053
2011-06-14,42.089558000000004,20.08165,252.54245,189.96000700000002,49.116478
2011-06-15,41.369147999999996,19.683664,249.84996,185.979996,47.354454
2011-06-16,41.167843,19.899233,248.568298,183.649994,47.540817
2011-06-17,40.547474,20.114815,240.942902,186.369995,48.803036
2011-06-20,39.922024,20.288937,240.724319,187.720001,48.625141
2011-06-21,41.185562,20.529385,244.90712000000002,194.229996,50.319393
2011-06-22,40.844986,20.438171,241.931473,191.630005,49.607807
2011-06-23,41.936355999999996,20.421589,238.55841099999998,194.16000400000001,49.040226000000004
2011-06-24,41.318512,20.14798,235.90565499999997,192.550003,47.320564000000005
2011-06-27,42.038906,20.894203,239.840073,201.25,47.456108
2011-06-28,42.446594,21.391683999999998,245.230011,202.350006,48.548901
2011-06-29,42.292126,21.242437,247.17735299999998,204.179993,49.302841
2011-06-30,42.498489,21.55751,251.553879,204.490005,50.183857
2011-07-01,43.45945,21.574091,258.831543,209.490005,51.725628
2011-07-05,44.240623,21.582384,264.49969500000003,213.190002,50.336342
2011-07-06,44.535614,21.831120000000002,265.950256,214.190002,49.514626
2011-07-07,45.224377000000004,22.195948,271.533936,216.74000499999997,49.684052
2011-07-08,45.542156,22.320313,264.276154,218.27999900000003,48.396415999999995
2011-07-11,44.819225,22.079863,261.936371,212.55000299999998,45.422996999999995
2011-07-12,44.787566999999996,22.005245000000002,265.279602,211.229996,44.821537
2011-07-13,45.32819,22.079863,267.390869,213.5,44.990963
2011-07-14,45.296535,21.947201,262.760986,210.38000499999998,44.779175
2011-07-15,46.201782,22.204227,296.879089,212.86999500000002,44.482685
2011-07-18,47.326054,22.0467,295.54776,211.52999900000003,43.017154999999995
2011-07-19,47.712215,22.834379000000002,299.328156,218.059998,44.11842
2011-07-20,48.984619,22.436392,295.75143399999996,215.55000299999998,45.304401
2011-07-21,49.033997,22.469553,301.533813,213.210007,47.362922999999995
2011-07-22,49.794909999999994,22.826082,307.117493,216.520004,46.947826
2011-07-25,50.453281,23.141153,307.490082,213.49000499999997,47.100311
2011-07-26,51.074917,23.28211,309.248627,214.17999300000002,47.057957
2011-07-27,49.705017,22.660257,301.648071,222.520004,45.550067999999996
2011-07-28,49.607533000000004,22.983622,303.496063,223.899994,45.888915999999995
2011-07-29,49.437874,22.718294,299.89447,222.520004,46.56662
2011-08-01,50.231712,22.610508,301.42453,221.32000699999998,44.990963
2011-08-02,49.239101,22.220812,294.28595,211.69999700000002,42.907028000000004
2011-08-03,49.702484000000005,22.320313,298.642609,209.960007,43.644032
2011-08-04,47.778042,21.507757,286.894043,201.479996,39.603229999999996
2011-08-05,47.303272,21.292182999999998,287.649109,202.699997,40.831562
2011-08-08,44.719208,20.297218,271.245819,193.699997,36.773823
2011-08-09,47.352654,21.209267,284.852325,205.08999599999999,38.671391
2011-08-10,46.046054999999996,20.065063000000002,272.73114,194.130005,34.190083
2011-08-11,47.313396000000004,20.88591,279.24874900000003,198.360001,36.011406
2011-08-12,47.729946000000005,20.811287,280.063446,202.300003,36.11306
2011-08-15,48.542774,21.151229999999998,276.814575,202.949997,38.324065999999995
2011-08-16,48.171803000000004,21.151232,267.758484,197.679993,36.731464
2011-08-17,48.166737,21.067795,264.85238599999997,195.929993,36.341784999999994
2011-08-18,46.344840999999995,20.58386,250.808731,182.520004,33.8004
2011-08-19,45.076233,20.066553,243.87384,178.929993,32.563595
2011-08-22,45.128136,20.008144,247.47541800000002,177.53999299999998,32.131565
2011-08-23,47.300732,20.62558,257.733704,193.550003,33.181995
2011-08-24,47.627384,20.775768,259.954254,193.729996,33.52932
2011-08-25,47.315933,20.500423,258.339752,192.029999,32.961742
2011-08-26,48.564278,21.067795,261.727722,199.270004,32.334872999999995
2011-08-29,49.37331,21.56007,267.798218,206.529999,34.308681
2011-08-30,49.375832,21.885479,268.602997,210.919998,33.622509
2011-08-31,48.722553000000005,22.194193,268.732147,215.229996,34.283264
2011-09-01,48.241428000000006,21.868788000000002,264.52948,212.539993,32.699135
2011-09-02,47.357708,21.526699,260.724243,210.0,30.725328
2011-09-06,48.078106,21.284731,259.402832,216.17999300000002,28.446554
2011-09-07,48.608596999999996,21.693567,265.28955099999996,219.899994,29.734188
2011-09-08,48.635189000000004,21.877136,265.751556,217.25999500000003,28.895535
2011-09-09,47.791973,21.476641,260.729218,211.38999900000002,26.379564000000002
2011-09-12,48.103428,21.601789,263.347168,216.559998,25.346066
2011-09-13,48.695946,21.726948,263.049133,219.52999900000003,27.082678
2011-09-14,49.288483,22.11076,264.31588700000003,222.57000699999998,27.819681
2011-09-15,49.751865,22.519592000000003,269.526978,226.77999900000003,29.937497999999998
2011-09-16,50.70649,22.628069,271.573669,239.30000299999998,29.496988
2011-09-19,52.115643,22.703157,271.568695,241.690002,28.150060999999997
2011-09-20,52.346058,22.511253,271.54882799999996,233.25,27.955221
2011-09-21,52.180209999999995,21.685228,267.85784900000004,231.86999500000002,26.481218
2011-09-22,50.873615,20.909266,258.647736,223.229996,25.066515
2011-09-23,51.187603,20.909266,261.057068,223.61000099999998,26.548990000000003
2011-09-26,51.044529,21.226323999999998,264.226471,229.850006,29.776548
2011-09-27,50.549492,21.418228,267.92739900000004,224.210007,31.555509999999998
2011-09-28,50.264629,21.343134,262.711304,229.710007,30.250935
2011-09-29,49.449268,21.234673,262.045654,222.440002,32.233215
2011-09-30,48.278152,20.767426,255.855911,216.229996,29.319098999999998
2011-10-03,47.427345,20.467047,246.15896600000002,211.979996,27.811209
2011-10-04,47.161465,21.142889,249.328354,212.5,29.183560999999997
2011-10-05,47.889465,21.601789,250.719315,219.5,30.437305
2011-10-06,47.778042,21.977253,255.691971,221.50999500000003,31.343737
2011-10-07,46.81963,21.902164000000003,255.89564500000003,224.74000499999997,29.776548
2011-10-10,49.226444,22.477879,266.849396,231.32000699999998,31.945194
2011-10-11,50.679909,22.527945000000003,269.834991,235.479996,32.351814000000005
2011-10-12,50.92046,22.494562,272.477783,236.809998,34.232440999999994
2011-10-13,51.710484,22.678125,277.688904,236.149994,32.622894
2011-10-14,53.42856999999999,22.753218,293.92828399999996,246.710007,32.394172999999995
2011-10-17,53.174088,22.511253,289.323242,242.330002,30.513547999999997
2011-10-18,53.458954000000006,22.786591,293.347046,243.88000499999998,32.114616
2011-10-19,50.468475,22.636406,288.473755,231.52999900000003,31.496215999999997
2011-10-20,50.049393,22.561316,289.949158,233.61000099999998,30.877813
2011-10-21,49.740475,22.661438,293.337128,234.77999900000003,32.800789
2011-10-24,51.373711,22.686476000000003,296.282959,237.61000099999998,33.554733
2011-10-25,50.360855,22.369410000000002,289.69580099999996,227.149994,33.410725
2011-10-26,50.719153999999996,22.185848,291.26062,198.399994,33.978294
2011-10-27,51.236977,22.736528,297.400696,206.779999,40.077621
2011-10-28,51.269901000000004,22.511253,298.130951,217.32000699999998,39.645592
2011-10-31,51.248379,22.219223,294.40518199999997,213.50999500000003,35.079567
2011-11-01,50.201321,21.685228,287.455383,212.100006,32.614426
2011-11-02,50.315273,21.701914000000002,290.52044700000005,215.61999500000002,33.1227
2011-11-03,51.031864,22.135788,296.81948900000003,218.289993,34.766129
2011-11-04,50.673569,21.902164000000003,296.14386,216.479996,32.987164
2011-11-07,50.608996999999995,22.361069,302.199493,217.0,33.376841999999996
2011-11-08,51.43195,22.661438,304.191528,217.99000499999997,34.351036
2011-11-09,50.045601,21.860445000000002,298.533325,211.22000099999997,30.606728000000004
2011-11-10,48.771919,21.927191,295.61731000000003,210.789993,31.750353000000004
2011-11-11,48.695946,22.452847,302.209412,217.38999900000002,33.690277
2011-11-14,48.017342,22.32769,304.519409,218.92999300000002,32.631367
2011-11-15,49.228962,22.47901,306.287903,217.830002,32.284042
2011-11-16,48.714946999999995,21.915773,303.759338,211.99000499999997,31.436918
2011-11-17,47.783122999999996,21.470228,298.49359100000004,204.520004,30.522018
2011-11-18,47.470387,21.268469,295.517944,197.139999,30.979467
2011-11-21,46.719612,21.016275,288.592987,189.25,29.39534
2011-11-22,47.669174,20.839739,288.12600699999996,192.33999599999999,28.455022999999997
2011-11-23,46.463867,20.570729999999998,283.212982,188.990005,27.497771999999998
2011-11-25,46.030861,20.427823999999998,279.680939,182.399994,27.396115999999996
2011-11-28,47.619797,20.906992000000002,292.19455,194.149994,29.801958000000003
2011-11-29,47.250095,20.881769,289.581543,188.389999,30.106924
2011-11-30,48.389565000000005,21.503851,297.75836200000003,192.28999299999998,33.275180999999996
2011-12-01,49.115017,21.251657,304.90191699999997,197.130005,32.970215
2011-12-02,49.339123,21.201225,308.175629,196.029999,33.885117
2011-12-05,49.758198,21.604731,310.803528,196.240005,33.986774
2011-12-06,49.497391,21.571102,309.869598,191.990005,33.876644
2011-12-07,49.261894,21.520666000000002,309.680817,195.320007,34.181606
2011-12-08,49.460663000000004,21.352535,306.034546,190.479996,31.5301
2011-12-09,49.83543,21.604731,311.6828,193.029999,33.546265000000005
2011-12-12,49.610069,21.445009,310.674377,189.520004,31.572459999999996
2011-12-13,49.226444,21.655172,310.793579,180.509995,30.225523
2011-12-14,48.135082000000004,21.512262,307.038025,180.21000700000002,30.064565999999996
2011-12-15,47.976833,21.487041,307.76825,181.259995,30.267878999999997
2011-12-16,48.240165999999995,21.856924,310.95752000000005,181.259995,29.945969
2011-12-19,48.390831,21.461819000000002,308.905853,179.330002,29.708776
2011-12-20,50.130421000000005,21.882151,313.148285,182.520004,32.072262
2011-12-21,50.193733,21.655172,310.88797,174.350006,31.708
2011-12-22,50.459614,21.697206,312.81543,179.029999,32.699135
2011-12-23,51.064789000000005,21.882151,314.524323,177.279999,33.1227
2011-12-27,51.469933000000005,21.890553,318.056335,176.270004,32.758434
2011-12-28,50.977436,21.70561,317.783142,173.889999,31.504690000000004
2011-12-29,51.291416,21.873735,319.12439,173.860001,32.377228
2011-12-30,51.276226,21.823296,320.863098,173.100006,32.072262
2012-01-03,52.064991,22.504229000000002,330.555054,179.029999,33.741104
2012-01-04,52.344795,23.033839999999998,331.980774,177.509995,32.724552
2012-01-05,52.92593000000001,23.269222,327.37573199999997,177.610001,30.691447999999998
2012-01-06,53.479202,23.630701000000002,322.90979,182.610001,29.022602000000003
2012-01-09,53.394375,23.319664000000003,309.218842,178.559998,28.497383000000003
2012-01-10,53.585544999999996,23.403725,309.556641,179.33999599999999,29.793488
2012-01-11,53.498199,23.302847,310.95752000000005,178.899994,30.394947
2012-01-12,53.351321999999996,23.538229,312.78564500000005,175.929993,31.343737
2012-01-13,53.151286999999996,23.748392000000003,310.47564700000004,178.419998,31.106534999999997
2012-01-17,53.770408999999994,23.756795999999998,312.259064,181.66000400000001,31.818125
2012-01-18,54.328734999999995,23.731581,314.410065,189.440002,33.037991
2012-01-19,54.156563,23.639107,317.718536,194.449997,35.587845
2012-01-20,53.213322,24.975739,291.101654,190.929993,36.002937
2012-01-23,54.11351,24.992556,290.868195,186.08999599999999,36.807705
2012-01-24,53.227264,24.664701,288.588013,187.0,36.214714
2012-01-25,56.55072,24.849646,282.904968,187.800003,36.960190000000004
2012-01-26,56.293701,24.799201999999998,282.214478,193.320007,36.765347
2012-01-27,56.629215,24.572231,288.116089,195.369995,37.646366
2012-01-30,57.354675,24.891676,286.97848500000003,192.149994,36.121532
2012-01-31,57.794006,24.824419,288.18066400000004,194.440002,36.163891
2012-02-01,57.757282,25.127057999999998,288.53833,179.46000700000002,37.714134
2012-02-02,57.621826,25.177504000000003,290.66452000000004,181.720001,37.502354
2012-02-03,58.199146,25.421289,296.238251,187.679993,38.112286
2012-02-06,58.742306000000006,25.387659,302.577026,183.139999,37.434585999999996
2012-02-07,59.357609,25.513758,301.42453,184.190002,37.985214
2012-02-08,60.351490000000005,25.774363,302.95455899999996,185.479996,39.188137
2012-02-09,62.439243000000005,25.866833,303.754364,184.979996,39.315212
2012-02-10,62.47091700000001,25.639855999999998,300.997314,185.53999299999998,37.383759000000005
2012-02-13,63.633171,25.707109,304.121979,191.58999599999999,37.731071
2012-02-14,64.501701,25.597109,302.909851,191.300003,36.62981
2012-02-15,63.008984,25.427866,300.823425,184.470001,36.384147999999996
2012-02-16,63.583785999999996,26.477139,301.300323,179.929993,37.36681
2012-02-17,63.572410999999995,26.443295000000003,300.366394,182.5,37.773434
2012-02-21,65.18412,26.604069,305.01617400000003,182.259995,37.426109000000004
2012-02-22,64.954933,26.460217,302.005737,180.580002,37.027962
2012-02-23,65.37906600000001,26.544832,301.096649,178.889999,37.925919
2012-02-24,66.141258,26.637909000000004,302.979401,179.130005,39.654053000000005
2012-02-27,66.565414,26.527908,302.68631,178.529999,39.560871
2012-02-28,67.78716999999999,26.967926000000002,307.196991,183.800003,39.942085
2012-02-29,68.677238,26.857925,307.12744100000003,179.690002,39.594753000000004
2012-03-01,68.93425,27.323324,309.18902599999996,180.03999299999998,40.585899
2012-03-02,69.024132,27.145626,308.61773700000003,179.300003,39.933609000000004
2012-03-05,67.502319,26.908690999999997,305.14035,180.259995,39.493099
2012-03-06,67.135132,26.705606,300.52536000000003,181.08999599999999,36.917835
2012-03-07,67.189575,26.942539,301.439423,183.770004,38.036041
2012-03-08,68.62026999999999,27.086393,301.608337,187.639999,39.959022999999995
2012-03-09,69.022873,27.069469,298.185577,184.320007,39.128838
2012-03-12,69.887596,27.111776000000003,300.61975099999995,183.389999,39.81501
2012-03-13,71.925972,27.644872999999997,306.89395099999996,184.58999599999999,41.551624
2012-03-14,74.645538,27.729496,306.00473,182.259995,42.153084
2012-03-15,74.13655899999999,27.797190000000004,308.558136,184.429993,42.754543
2012-03-16,74.137825,27.585638,310.50048799999996,185.050003,43.237404
2012-03-19,76.104042,27.247168,314.94162,185.520004,44.093002
2012-03-20,76.719353,27.069469,314.69818100000003,192.330002,43.57626
2012-03-21,76.281296,27.001771999999995,317.922211,191.729996,43.13575
2012-03-22,75.881203,27.07793,320.93762200000003,192.399994,42.517345
2012-03-23,75.46468399999999,27.086393,319.218781,195.03999299999998,43.144226
2012-03-26,76.848495,27.577177000000002,322.56701699999996,202.869995,44.186188
2012-03-27,77.798058,27.517940999999997,321.419464,205.440002,43.364471
2012-03-28,78.195625,27.238705,325.76122999999995,201.16000400000001,43.127277
2012-03-29,77.21311999999999,27.179474,322.109985,204.610001,41.941303000000005
2012-03-30,75.907799,27.297937,318.548157,202.509995,42.178492999999996
2012-04-02,78.323486,27.323324,321.369812,198.050003,42.339451000000004
2012-04-03,79.676918,27.027159,319.233704,199.66000400000001,40.899334
2012-04-04,79.042618,26.409445,315.522827,193.990005,39.27285
2012-04-05,80.228951,26.671761,314.116974,194.389999,38.747634999999995
2012-04-09,80.551804,26.316364,313.38174399999997,191.869995,38.103813
2012-04-10,79.56552099999999,25.783262,311.404602,186.979996,36.85006
2012-04-11,79.281914,25.681725,315.92520099999996,187.970001,38.171581
2012-04-12,78.84764100000001,26.214823,323.401581,190.690002,39.357555
2012-04-13,76.62694499999999,26.070971,310.281921,188.46000700000002,37.527767
2012-04-16,73.449066,26.299437,301.076782,185.5,37.604008
2012-04-17,77.192879,26.604069,302.815491,188.389999,39.230488
2012-04-18,77.020691,26.350206,301.762329,191.070007,38.501961
2012-04-19,74.37458000000001,26.240206,297.713654,191.100006,37.502354
2012-04-20,72.54383100000001,27.433328999999997,296.10412599999995,189.979996,38.425724
2012-04-23,72.38176,27.179474,296.869141,188.240005,37.011021
2012-04-24,70.935913,27.010233000000003,298.692291,190.330002,37.358340999999996
2012-04-25,77.230858,27.247168,302.88998399999997,194.419998,38.518909
2012-04-26,76.939667,27.171009,305.746429,195.990005,37.188915
2012-04-27,76.34461999999999,27.061007,305.502991,226.850006,37.688721
2012-04-30,73.936523,27.094851000000002,300.470734,231.899994,36.756882
2012-05-01,73.702301,27.086393,300.262085,230.039993,37.426109000000004
2012-05-02,74.189728,26.908690999999997,301.667938,230.25,35.825043
2012-05-03,73.663048,26.874846,303.535797,229.44999700000002,34.444221
2012-05-04,71.565163,26.214823,296.55618300000003,223.99000499999997,34.554348
2012-05-07,72.100716,25.935577,301.81201200000004,225.16000400000001,35.10498
2012-05-08,71.936104,25.808651,304.41507,223.899994,34.207024
2012-05-09,72.062744,26.028660000000002,302.606842,222.979996,33.376841999999996
2012-05-10,72.232353,26.011736,304.84726,226.690002,34.139252
2012-05-11,71.750015,26.367134000000004,300.659485,227.67999300000002,33.554733
2012-05-14,70.675102,25.960966,300.04846200000003,222.92999300000002,32.317932
2012-05-15,70.035713,25.730991,303.58050499999996,224.38999900000002,31.411501
2012-05-16,69.138092,25.466959,312.432922,224.059998,30.826985999999998
2012-05-17,67.117401,25.313646,309.511932,218.36000099999998,30.361061
2012-05-18,67.150352,24.930363,298.26010099999996,213.850006,30.513547999999997
2012-05-21,71.062523,25.339197,305.07080099999996,218.11000099999998,31.521628999999997
2012-05-22,70.516838,25.347707999999997,298.458801,215.330002,31.436918
2012-05-23,72.23745,24.794085,302.760834,217.27999900000003,31.411501
2012-05-24,71.574028,24.760015,299.879578,215.24000499999997,30.920170000000002
2012-05-25,71.190392,24.751492000000002,293.85376,212.88999900000002,31.072654999999997
2012-05-29,72.453949,25.177366,295.24969500000003,214.75,31.055706
2012-05-30,73.32753000000001,24.989983,292.21441699999997,209.229996,30.200108
2012-05-31,73.14520999999999,24.862223,288.553253,212.91000400000001,30.479664
2012-06-01,71.025803,24.231939,283.645172,208.220001,29.081853999999996
2012-06-04,71.443611,24.317114,287.425568,214.57000699999998,29.830444
2012-06-05,71.25874300000001,24.283045,283.362,213.210007,29.839146000000003
2012-06-06,72.351395,24.998499,288.40918,217.63999900000002,31.231872999999997
2012-06-07,72.384315,24.896296,287.246735,218.80000299999998,31.188351
2012-06-08,73.473129,25.254023,288.349579,218.479996,31.327621
2012-06-11,72.314651,24.615217,282.413177,216.5,30.413649
2012-06-12,72.946442,24.947395,280.724152,216.419998,30.84017
2012-06-13,72.44001800000001,24.811117000000003,278.732117,214.729996,30.500694
2012-06-14,72.360237,24.989983,277.718719,214.44999700000002,30.631258000000003
2012-06-15,72.689438,25.56916,280.431061,218.350006,31.78026
2012-06-18,74.164413,25.415855,283.58056600000003,222.66000400000001,30.744419
2012-06-19,74.370796,26.148352,288.886078,224.02999900000003,31.693215999999996
2012-06-20,74.159355,26.344247999999997,286.889069,223.020004,31.997869
2012-06-21,73.13763399999999,25.671375,280.77880899999997,220.57000699999998,30.909803000000004
2012-06-22,73.698509,26.148352,283.893555,222.16000400000001,31.318920000000002
2012-06-25,72.26403,25.441404000000002,278.538391,220.07000699999998,29.795624
2012-06-26,72.423553,25.56916,280.51550299999997,225.61000099999998,30.048058
2012-06-27,72.736298,25.696922,282.810577,225.61999500000002,30.744419
2012-06-28,72.046265,25.475475,280.331726,221.309998,29.490963
2012-06-29,73.93905600000001,26.054655,288.160797,228.350006,31.484303999999998
2012-07-02,75.017761,26.029104,288.35949700000003,229.32000699999998,32.102321999999994
2012-07-03,75.89008299999999,26.199453,292.015717,229.52999900000003,32.38958
2012-07-05,77.223282,26.148352,296.03457599999996,227.059998,30.848875
2012-07-06,76.709236,25.713959,291.09671000000003,225.05000299999998,29.290762
2012-07-09,77.723373,25.552126,291.111603,225.05000299999998,29.116671000000004
2012-07-10,77.004257,25.330676999999998,288.97052,219.5,28.402898999999998
2012-07-11,76.52565,24.955915,283.749481,218.36999500000002,28.455128000000002
2012-07-12,75.8255,24.385248,283.39679,215.36000099999998,27.723944
2012-07-13,76.59401700000001,25.032572000000002,286.397247,218.38999900000002,27.506332
2012-07-16,76.83964499999999,25.075159,285.602417,216.00999500000003,27.184261
2012-07-17,76.84343,25.262543,286.50158700000003,216.92999300000002,27.201675
2012-07-18,76.757339,25.93541,288.503571,217.47000099999997,27.445402
2012-07-19,77.777817,26.122795,294.613831,226.169998,27.445402
2012-07-20,76.509201,25.654339,303.43643199999997,228.289993,26.157127
2012-07-23,76.449692,24.938879,305.766296,226.00999500000003,25.034245000000002
2012-07-24,76.081261,24.828154,301.82193,223.039993,24.520674
2012-07-25,72.79576899999999,24.555597,302.030579,217.05000299999998,23.798201000000002
2012-07-26,72.784386,24.836664000000003,304.698242,220.00999500000003,25.138699
2012-07-27,74.085922,25.347707999999997,315.428436,237.32000699999998,26.775152000000002
2012-07-30,75.335541,25.245501,314.107025,236.08999599999999,26.357334
2012-07-31,77.327087,25.100707999999997,314.43987999999996,233.30000299999998,26.409561
2012-08-01,76.826988,25.049604000000002,314.29580699999997,232.08999599999999,25.939514000000003
2012-08-02,76.951065,24.862223,312.343506,230.809998,24.677357
2012-08-03,77.952522,25.339197,318.592865,234.97000099999997,27.158152
2012-08-06,78.819786,25.509548000000002,319.333038,233.99000499999997,27.192968
2012-08-07,78.612144,25.773584,318.200409,236.559998,27.523739000000003
2012-08-08,78.479218,25.833202,319.039948,234.38000499999998,27.506332
2012-08-09,78.926788,25.978001000000003,319.099579,234.059998,27.506332
2012-08-10,79.050133,25.909863,318.92569,232.75,27.306128
2012-08-13,80.105476,25.884306,327.872498,232.440002,26.992764
2012-08-14,80.320366,25.832867,332.169556,233.190002,26.71422
2012-08-15,80.21102900000001,25.892881,331.61319,237.419998,26.792561
2012-08-16,80.911613,26.390166999999998,334.260956,241.55000299999998,27.863220000000002
2012-08-17,82.408203,26.49305,336.382172,241.169998,28.655331
2012-08-20,84.574837,26.355867,335.58734100000004,240.350006,28.455128000000002
2012-08-21,83.419044,26.407312,332.59179700000004,239.44999700000002,29.656349
2012-08-22,85.04786700000001,26.184393,336.402039,243.100006,29.969717
2012-08-23,84.25444,25.944328,336.213257,241.19999700000002,29.891375
2012-08-24,84.329453,26.201542,337.122345,245.74000499999997,29.638945
2012-08-27,85.91375,26.312997999999997,332.44775400000003,243.919998,30.135101000000002
2012-08-28,85.801872,26.261557,336.436798,246.11000099999998,29.865261
2012-08-29,85.632759,26.2787,341.78204300000004,247.11999500000002,29.882669
2012-08-30,84.412094,25.995767999999998,338.637482,246.22000099999997,29.473558
2012-08-31,84.586311,26.424459000000002,340.331482,248.270004,30.848875
2012-09-04,85.823494,26.055784,338.31955,247.88000499999998,30.3179
2012-09-05,85.220795,26.055784,338.16058300000003,246.22000099999997,30.579034999999998
2012-09-06,85.9888,26.878868,347.440247,251.38000499999998,32.737759000000004
2012-09-07,86.519005,26.535919,350.793427,259.140015,34.974827000000005
2012-09-10,84.268433,26.338724,348.120819,257.089996,34.974827000000005
2012-09-11,83.995049,26.398735,343.858521,255.669998,37.098732
2012-09-12,85.16484799999999,26.390166999999998,343.207764,255.63000499999998,36.933346
2012-09-13,86.841995,26.527341999999997,350.73877000000005,260.23999,37.316345
2012-09-14,87.897346,26.758839000000002,352.54702799999995,261.269989,38.526276
2012-09-17,88.978096,26.758839000000002,352.696045,258.0,38.552391
2012-09-18,89.248962,26.733116,356.81924399999997,258.75,36.959461
2012-09-19,89.27310899999999,26.621653000000002,361.399445,261.679993,37.177067
2012-09-20,88.84079,26.964605,361.707428,260.809998,36.750549
2012-09-21,89.01754,26.741690000000002,364.62347400000004,257.47000099999997,37.124844
2012-09-24,87.835022,26.390166999999998,372.268738,254.80000299999998,36.950752
2012-09-25,85.641655,26.055784,372.159454,252.460007,36.062893
2012-09-26,84.57866700000001,25.867161,374.295563,249.669998,34.452549
2012-09-27,86.630905,25.858587,375.80575600000003,256.589996,35.253368
2012-09-28,84.822784,25.515629,374.81219500000003,254.32000699999998,34.513484999999996
2012-10-01,83.842476,25.284143,378.42868,252.00999500000003,35.000938
2012-10-02,84.086601,25.429899,376.049164,250.600006,35.549324
2012-10-03,85.3759,25.601377,378.786346,255.919998,36.315323
2012-10-04,84.784653,25.747129,381.543427,260.47000099999997,36.846294
2012-10-05,82.97782099999999,25.592802,381.344727,258.51001,36.759258
2012-10-08,81.144318,25.53278,376.471405,259.059998,36.402367
2012-10-09,80.849312,25.104092,369.640839,250.960007,35.549324
2012-10-10,81.49270600000001,24.846882,369.874329,244.99000499999997,35.836575
2012-10-11,79.863892,24.821161,373.31195099999997,244.22000099999997,37.116135
2012-10-12,80.06860400000001,25.035501,369.968719,242.36000099999998,36.515526
2012-10-15,80.710724,25.301291,368.095886,244.17999300000002,37.473026000000004
2012-10-16,82.621811,25.284143,369.943878,243.940002,39.187816999999995
2012-10-17,81.963173,25.369879,375.304016,247.49000499999997,40.258476
2012-10-18,80.44117,25.292713,345.254456,244.850006,40.362926
2012-10-19,77.542114,24.55537,338.692139,240.0,38.71777
2012-10-22,80.617897,24.006643,337.14221200000003,233.77999900000003,39.396725
2012-10-23,77.9897,24.049517,337.976776,234.309998,38.021415999999995
2012-10-24,78.430885,23.920904,336.461639,228.49000499999997,37.699345
2012-10-25,77.50395999999999,23.903759,336.690155,222.919998,37.847321
2012-10-26,76.799545,24.186695,335.39358500000003,238.24000499999997,38.099751
2012-10-31,75.695862,24.469625,337.951935,232.88999900000002,39.788433000000005
2012-11-01,75.85099,25.309866,341.573395,232.13999900000002,40.554428
2012-11-02,73.341011,25.292713,341.73733500000003,232.419998,39.588229999999996
2012-11-05,74.335342,25.404170999999998,339.273346,234.330002,39.370616999999996
2012-11-06,74.110283,25.601377,338.657349,237.559998,40.119202
2012-11-07,71.27462,24.932620999999997,331.404541,232.059998,38.378296
2012-11-08,68.68804200000001,24.70113,324.037445,227.350006,37.664524
2012-11-09,69.877228,24.718270999999998,329.372742,226.309998,36.863712
2012-11-12,69.336929,24.195267,330.79846200000003,226.47000099999997,37.063911
2012-11-13,69.345894,23.417285999999997,327.395599,226.600006,37.185776000000004
2012-11-14,68.57693499999999,23.201178,324.16659500000003,222.94999700000002,36.297916
2012-11-15,67.138649,23.045582,321.538696,220.600006,37.098732
2012-11-16,67.401772,22.924561999999998,321.498962,225.229996,36.184753
2012-11-19,72.262001,23.106094,331.946014,229.710007,37.647114
2012-11-20,71.646301,23.0888,332.820313,233.77999900000003,37.072617
2012-11-21,71.747238,23.296263,330.783569,238.02999900000003,36.820183
2012-11-23,72.999016,23.944585999999997,331.826782,239.88000499999998,38.186797999999996
2012-11-26,75.302017,23.676613,328.438812,243.61999500000002,37.690636
2012-11-27,74.695297,23.408646,333.187927,243.399994,37.803795
2012-11-28,74.46028100000001,23.650682,339.62606800000003,247.11000099999998,37.586182
2012-11-29,75.280304,23.296263,343.709503,251.270004,38.186797999999996
2012-11-30,74.75914,23.011009,346.928558,252.05000299999998,38.413115999999995
2012-12-03,74.875404,22.846762,345.378632,250.330002,38.517567
2012-12-04,73.554665,22.794897,343.282288,252.49000499999997,39.179115
2012-12-05,68.820877,23.054228,341.68765299999995,253.960007,40.101795
2012-12-06,69.900238,23.106094,343.33197,253.36999500000002,39.596931
2012-12-07,68.113251,22.8727,339.894318,253.270004,39.013729
2012-12-10,67.67514,23.287620999999998,340.495392,247.770004,38.465343
2012-12-11,69.152985,23.616107999999997,346.188385,250.690002,38.822224
2012-12-12,68.847717,23.546948999999998,346.526184,251.75999500000003,38.804817
2012-12-13,67.658516,23.434573999999998,349.07955899999996,251.25,37.821205
2012-12-14,65.116653,23.175245,348.711975,249.190002,37.290226000000004
2012-12-17,66.27134699999999,23.425926,358.061157,253.86000099999998,37.525253
2012-12-18,68.19628900000001,23.823567999999998,358.205231,260.399994,38.500164
2012-12-19,67.226784,23.607456,357.728333,257.98999,38.743889
2012-12-20,66.641785,23.927298,358.846039,261.5,38.987614
2012-12-21,66.335205,23.728479,355.502808,256.920013,38.021415999999995
2012-12-24,66.442513,23.391354,352.457611,258.619995,37.899551
2012-12-26,65.526649,23.21846,352.144653,248.63000499999998,37.821205
2012-12-27,65.78978000000001,23.304907,350.862976,248.309998,38.622025
2012-12-28,65.09111,22.950497,347.74325600000003,245.17999300000002,37.70805
2012-12-31,67.975296,23.0888,351.404449,250.86999500000002,38.552391
2013-01-02,70.12886,23.875432999999997,359.288177,257.309998,39.55341
2013-01-03,69.243675,23.555593,359.496826,258.480011,39.266159
2013-01-04,67.314934,23.114735,366.600616,259.149994,39.892883000000005
2013-01-07,66.918953,23.071517999999998,365.00100699999996,268.459991,40.719814
2013-01-08,67.099052,22.950497,364.28070099999997,266.380005,41.268196
2013-01-09,66.05038499999999,23.08016,366.67514,266.350006,41.346542
2013-01-10,66.869118,22.8727,368.344269,265.339996,43.096157
2013-01-11,66.459114,23.192532999999997,367.60409500000003,267.940002,43.191902
2013-01-14,64.089691,23.244404,359.288177,272.730011,43.035225
2013-01-15,62.067677,23.521017,360.122742,271.899994,42.826313
2013-01-16,64.644051,23.374062,355.28421000000003,268.929993,42.312748
2013-01-17,64.208481,23.555593,353.361725,270.480011,42.530361
2013-01-18,63.86615,23.555593,349.978729,272.119995,42.678333
2013-01-22,64.475433,23.469151,349.16403199999996,270.190002,42.069023
2013-01-23,65.655663,23.866785,368.354218,268.109985,41.111523
2013-01-24,57.543395999999994,23.884071,374.668152,273.459991,42.156067
2013-01-25,56.186886,24.100185,374.399902,283.98999,43.078739
2013-01-28,57.457817000000006,24.126117999999998,372.939392,276.040009,43.244133000000005
2013-01-29,58.535895999999994,24.212557,374.404846,260.350006,43.348591
2013-01-30,58.351952000000004,24.074249,374.47937,272.76001,43.853451
2013-01-31,58.18079399999999,23.728479,375.403351,265.5,44.967628000000005
2013-02-01,57.941925,24.143406,385.294037,265.0,45.872898
2013-02-04,56.49855,23.719832999999998,377.057617,259.980011,43.635834
2013-02-05,58.480957,23.771704,380.39590499999997,266.890015,44.506287
2013-02-06,58.41836899999999,23.63339,382.596588,262.22000099999997,43.966606
2013-02-07,60.155361,23.581528,384.474365,260.230011,42.739273
2013-02-08,61.023883999999995,23.814926,390.14746099999996,261.950012,43.009109
2013-02-11,61.659843,24.082897,388.682007,257.209991,42.652225
2013-02-12,60.114254,24.100185,387.82754500000004,258.700012,43.409519
2013-02-13,59.999924,24.229847,388.900574,269.47000099999997,42.982997999999995
2013-02-14,59.94595699999999,24.238489,391.364563,269.23999,42.434605
2013-02-15,59.119843,24.212557,393.883179,265.089996,41.668613
2013-02-19,59.098015000000004,24.447884,400.818054,269.75,42.652225
2013-02-20,57.666782,24.290998000000002,393.669556,266.410004,41.424884999999996
2013-02-21,57.308331,23.959803,395.194641,265.940002,39.831955
2013-02-22,57.918597999999996,24.195127,397.27114900000004,265.420013,40.91132
2013-02-25,56.889488,23.855209,392.830017,259.869995,39.448956
2013-02-26,57.682201,23.855209,392.512085,259.359985,39.379318
2013-02-27,57.116898,24.238705,397.305908,263.25,40.023457
2013-02-28,56.70962900000001,24.22999,398.011322,264.269989,39.80584
2013-03-01,55.305378000000005,24.360727,400.490204,265.73999,38.038821999999996
2013-03-04,53.966648,24.535045999999998,408.095734,273.109985,37.864727
2013-03-05,55.391456999999996,24.709362,416.590485,275.589996,38.552391
2013-03-06,54.687405000000005,24.482748,413.003815,273.790009,38.534981
2013-03-07,55.319508,24.526329,413.60986299999996,273.880005,38.857048
2013-03-08,55.465977,24.404308,413.073364,274.190002,39.292266999999995
2013-03-11,56.256111,24.290998000000002,414.712708,271.23999,38.848339
2013-03-12,55.043282,24.325863000000002,411.130981,274.130005,38.735191
2013-03-13,55.033005,24.334581,409.988434,275.100006,38.125865999999995
2013-03-14,55.56618100000001,24.526329,408.11560099999997,265.73999,38.839638
2013-03-15,56.999981000000005,24.439169,404.518982,261.820007,38.848339
2013-03-18,58.549423,24.491467,401.285034,257.890015,37.446911
2013-03-19,58.391388,24.561188,403.038635,256.410004,36.280502
2013-03-20,58.081753000000006,24.683214000000003,404.72265600000003,257.27999900000003,36.472
2013-03-21,58.165264,24.500183,403.00882,253.38999900000002,36.559048
2013-03-22,59.344692,24.6222,402.536896,257.75,36.654796999999995
2013-03-25,59.559242000000005,24.543756,402.204041,256.019989,35.131508000000004
2013-03-26,59.245746999999994,24.543756,403.585083,260.309998,35.044456
2013-03-27,58.081753000000006,24.726788,398.736603,265.299988,34.008617
2013-03-28,56.871506000000004,24.935972,394.528961,266.48999,34.052143
2013-04-01,55.104954000000006,24.935972,398.006348,261.609985,33.703959999999995
2013-04-02,55.218014000000004,25.101570000000002,403.89306600000003,263.320007,34.800728
2013-04-03,55.500668000000005,24.892389,400.49517799999995,259.02999900000003,34.156597
2013-04-04,54.952056999999996,24.927254,394.966125,259.079987,34.339394
2013-04-05,54.371345999999996,25.014416,388.994965,255.479996,34.513484999999996
2013-04-08,54.75806800000001,24.918541,384.921448,258.950012,34.617939
2013-04-09,54.856991,25.807558,386.312408,261.140015,35.584145
2013-04-10,55.976028,26.391515999999996,392.536926,264.769989,36.759258
2013-04-11,55.801292000000004,25.223593,392.641235,269.850006,36.776661
2013-04-12,55.219299,25.092857000000002,392.472351,272.869995,35.984547
2013-04-15,53.940952,25.005695000000003,388.43856800000003,267.72000099999997,34.870369000000004
2013-04-16,54.761917000000004,25.249744,394.12161299999997,272.339996,35.871387
2013-04-17,51.750431,25.127722,388.751556,267.399994,34.382912
2013-04-18,50.369308000000004,25.092857000000002,380.480347,259.420013,33.503754
2013-04-19,50.174019,25.947004,397.350616,260.320007,34.165302000000004
2013-04-22,51.219822,26.870886,397.469849,263.549988,34.678867
2013-04-23,52.178249,26.670425,401.339661,268.899994,35.845276
2013-04-24,52.092175,27.681456,404.096741,268.77999900000003,36.750549
2013-04-25,52.467318999999996,27.838343,401.935791,274.700012,36.942046999999995
2013-04-26,53.600491000000005,27.707603000000002,398.12060499999995,254.809998,36.794067
2013-04-29,55.260406,28.4223,406.883606,249.74000499999997,38.169388
2013-04-30,56.886917000000004,28.849375,409.620819,253.809998,40.084381
2013-05-01,56.438534,28.518172999999997,407.56417799999997,248.229996,39.910297
2013-05-02,57.238953,28.901676000000002,412.124542,252.55000299999998,40.772040999999994
2013-05-03,57.811966000000005,29.189299,420.12747199999995,258.049988,41.659904
2013-05-06,59.19051700000001,29.415909000000003,427.991333,255.72000099999997,41.825291
2013-05-07,58.927139000000004,29.03241,425.84527599999996,257.730011,42.469425
2013-05-08,59.59264399999999,28.753504,433.99231,258.679993,42.486835
2013-05-09,59.072739,28.465876,432.92425499999996,260.160004,41.773064
2013-05-10,58.581303000000005,28.492027,437.270966,263.630005,41.346542
2013-05-13,58.810215,28.788364,435.929688,264.51001,40.893906
2013-05-14,57.403130000000004,29.429078999999998,440.68377699999996,268.329987,40.91132
2013-05-15,55.461929000000005,29.709944,454.98574800000006,266.559998,41.268196
2013-05-16,56.202983999999994,29.911819,449.014587,264.119995,40.615364
2013-05-17,56.032265,30.605186,451.65243499999997,269.899994,42.173473
2013-05-20,57.282856,30.789518,451.329529,267.630005,41.825291
2013-05-21,56.85995500000001,30.587633,450.554565,268.859985,41.294315000000005
2013-05-22,57.078518,30.376995,441.83627300000006,262.959991,40.832972999999996
2013-05-23,57.18069499999999,29.973251,438.54269400000004,261.799988,40.650180999999996
2013-05-24,57.569977,30.078583000000002,433.83828700000004,261.73999,40.486946
2013-05-28,57.09016,30.736851,437.78762800000004,267.290009,41.14542
2013-05-29,57.544093999999994,30.613965999999998,431.349487,265.52999900000003,41.08313
2013-05-30,58.401527,30.745615,432.566559,266.829987,41.990749
2013-05-31,58.16228100000001,30.631519,432.795074,269.200012,41.216606
2013-06-03,58.290314,31.237135,431.011688,266.880005,41.910667
2013-06-04,58.107967,30.710516,426.774231,265.700012,42.257698
2013-06-05,57.564785,30.526196000000002,427.072296,267.170013,41.545837
2013-06-06,56.704765,30.684189,429.526337,267.829987,41.634823
2013-06-07,57.138011999999996,31.307340999999997,437.022583,276.869995,42.48016
2013-06-10,56.760380000000005,31.131804,442.233704,281.070007,42.622528
2013-06-11,56.593548,30.578871000000003,437.062317,274.77999900000003,41.706005
2013-06-12,55.893887,30.719296000000003,433.172638,271.670013,40.620422
2013-06-13,56.381434999999996,30.473534,435.66641200000004,275.790009,41.536941999999996
2013-06-14,55.617115000000005,30.19268,434.69274900000005,273.98999,40.700511999999996
2013-06-17,55.869312,30.719296000000003,440.26153600000004,278.059998,40.718307
2013-06-18,55.839565,30.701742,447.400085,281.76001,41.252196999999995
2013-06-19,54.70536800000001,30.359434000000004,447.429901,278.160004,40.139919
2013-06-20,53.90870699999999,29.39398,439.51141399999995,273.440002,38.760692999999996
2013-06-21,53.47676800000001,29.200874,437.618713,273.359985,38.99205
2013-06-24,52.059340999999996,29.595840000000003,432.084717,270.609985,38.1912
2013-06-25,52.070972,29.551958000000003,430.3013,272.089996,38.609425
2013-06-26,51.481246999999996,30.148783,434.002228,277.570007,38.956455
2013-06-27,50.926421999999995,30.385771000000002,435.701172,277.549988,38.511542999999996
2013-06-28,51.282078000000006,30.315554,437.34051500000004,277.690002,37.328075
2013-07-01,52.923241000000004,30.157572,441.071259,282.100006,37.354774
2013-07-02,54.122112,29.788933,438.30425999999994,283.730011,36.598419
2013-07-03,54.42084499999999,29.850371999999997,440.35095199999995,284.02999900000003,36.527237
2013-07-05,53.983723,30.025915,443.85812400000003,285.880005,36.589527000000004
2013-07-08,53.677231000000006,30.131234999999997,449.62063600000005,290.589996,36.803082
2013-07-09,54.621304,30.148783,449.69516,291.52999900000003,37.061131
2013-07-10,54.411789,30.455982000000002,450.06774900000005,292.329987,38.057735
2013-07-11,55.260174,31.3249,457.1466980000001,299.660004,38.947556
2013-07-12,55.15930899999999,31.307340999999997,458.517792,307.549988,39.018745
2013-07-15,55.279582999999995,31.746189,459.35733,306.570007,39.445854
2013-07-16,55.636524,31.833965000000003,456.83374000000003,306.869995,39.214504
2013-07-17,55.650753,31.368786,456.307159,308.690002,39.347977
2013-07-18,55.83826800000001,31.105478,452.397583,304.109985,40.308983000000005
2013-07-19,54.957542000000004,27.559590999999998,445.403076,305.230011,41.047539
2013-07-22,55.133442,28.094991999999998,452.407532,303.480011,41.866177
2013-07-23,54.186775,27.928225,448.979828,301.059998,41.901771999999994
2013-07-24,56.969882999999996,28.051102,448.53271500000005,298.940002,42.346684
2013-07-25,56.709938,27.550819,440.981842,303.399994,42.880577
2013-07-26,57.031963,27.752686999999998,439.81442300000003,312.01001,42.7649
2013-07-29,57.911384999999996,27.682470000000002,438.28439299999997,306.100006,42.471256
2013-07-30,58.626575,27.954556,442.581421,302.410004,40.380173
2013-07-31,58.524391,27.945776000000002,441.006683,301.22000099999997,40.033142
2013-08-01,59.061104,27.796570000000003,449.188477,305.570007,40.949653999999995
2013-08-02,59.818957999999995,27.989662,450.35586500000005,304.209991,40.780590000000004
2013-08-05,60.712616000000004,27.822905,449.57592800000003,300.98999,40.308983000000005
2013-08-06,60.169441000000006,27.717581,445.38818399999997,300.75,39.623821
2013-08-07,60.13451800000001,28.13887,442.447296,296.910004,39.801784999999995
2013-08-08,60.01475500000001,28.867359000000004,443.44580099999996,295.73999,40.513649
2013-08-09,59.16076700000001,28.700598,442.328094,297.26001,40.807285
2013-08-12,60.841395999999996,28.849804,439.893921,296.690002,40.620422
2013-08-13,63.732716,28.487413,437.777679,293.97000099999997,40.442459
2013-08-14,64.895226,28.593481,432.094635,291.339996,40.059834
2013-08-15,64.818436,28.098505,427.052429,286.47000099999997,40.059834
2013-08-16,65.393822,28.107346000000003,425.68630999999993,284.820007,40.415764
2013-08-19,66.098114,27.744954999999997,430.028076,285.570007,39.712799
2013-08-20,65.229805,27.948248,429.913818,287.089996,39.695007000000004
2013-08-21,65.397736,27.939409,431.856201,284.570007,38.965351
2013-08-22,65.475838,28.628834,434.032043,289.730011,39.926361
2013-08-23,65.223297,30.714787,432.29333499999996,290.01001,40.495846
2013-08-26,65.47715,30.184462,430.395691,286.209991,40.050940999999995
2013-08-27,63.605137,29.397816,422.328156,280.929993,38.547134
2013-08-28,63.905861,29.185678000000003,421.533325,281.579987,38.645016
2013-08-29,64.01001,29.654133,424.951111,283.980011,38.271294
2013-08-30,63.4268,29.521549,420.713654,280.980011,38.636115999999994
2013-09-03,63.603820999999996,28.178057,427.410095,288.799988,39.116619
2013-09-04,64.91996,27.577022999999997,432.99874900000003,293.640015,39.419163
2013-09-05,64.47476999999999,27.603540000000002,436.93814100000003,294.100006,39.410267
2013-09-06,64.858795,27.532821999999996,436.948059,295.859985,39.588229999999996
2013-09-09,65.89373,27.983601,441.15570099999997,299.709991,40.308983000000005
2013-09-10,64.392746,28.628834,441.46371500000004,300.359985,41.287796
2013-09-11,60.886963,28.938194,445.19940199999996,299.640015,41.7505
2013-09-12,61.535281999999995,28.893998999999997,443.644531,298.859985,41.385674
2013-09-13,60.521156000000005,29.194519,441.662415,297.920013,41.314487
2013-09-16,58.597080000000005,28.991226,441.011658,296.059998,42.311089
2013-09-17,59.27401700000001,29.106125,440.19198600000004,304.170013,42.337784
2013-09-18,60.492518999999994,29.450836,448.741364,312.02999900000003,43.690315000000005
2013-09-19,61.484497,29.733681,446.29229699999996,312.059998,43.467857
2013-09-20,60.847912,28.982388,448.637054,316.339996,42.435665
2013-09-23,63.872025,28.938194,440.385712,311.48999,42.391171
2013-09-24,63.67154300000001,28.681865999999996,440.554626,314.130005,42.444561
2013-09-25,62.686062,28.7349,435.78067000000004,312.649994,41.439064
2013-09-26,63.296616,28.964708,436.24762000000004,318.119995,41.198811
2013-09-27,62.844891000000004,29.406640999999997,435.363373,316.01001,41.109829
2013-09-30,62.063781999999996,29.415483000000002,435.124939,312.640015,40.825081
2013-10-01,63.523125,29.680654999999998,440.63409400000006,320.950012,41.697109000000005
2013-10-02,63.731426,29.981167,441.125916,320.51001,41.937359
2013-10-03,62.930801,29.928139,435.21435499999995,314.76001,41.714909000000006
2013-10-04,62.88134,29.945812,433.356445,319.040009,41.972954
2013-10-07,63.4958,29.433165000000002,430.072784,310.02999900000003,41.189907
2013-10-08,62.609249,29.176840000000002,424.07678200000004,303.230011,40.682709
2013-10-09,63.34478000000001,29.229876,425.16470300000003,298.230011,40.958557
2013-10-10,63.74183299999999,29.839747999999997,431.314728,305.170013,42.578033000000005
2013-10-11,64.15451,30.166788,433.177612,310.890015,43.022949
2013-10-14,64.574989,30.449631,435.22427400000004,310.700012,43.352177000000005
2013-10-15,64.918671,30.484987,438.155212,306.399994,43.218708
2013-10-16,65.235016,30.617565000000003,446.11346399999996,310.48999,44.144123
2013-10-17,65.676331,30.865053000000003,441.523315,310.769989,44.740303000000004
2013-10-18,66.247795,30.900402000000003,502.43713399999996,328.929993,45.220806
2013-10-21,67.87116999999999,30.926914,498.408325,326.440002,44.597935
2013-10-22,67.6772,30.564528000000003,500.24636799999996,332.540009,44.855984
2013-10-23,68.339828,29.839747999999997,512.3724980000001,326.76001,44.064040999999996
2013-10-24,69.24458299999999,29.804392,509.46145599999994,332.209991,44.393271999999996
2013-10-25,68.470024,31.580988,504.31988499999994,363.390015,44.322086
2013-10-28,68.980301,31.439569,504.22052,358.160004,44.081837
2013-10-29,67.261932,31.395376000000002,514.771912,362.700012,44.126331
2013-10-30,68.33201600000001,31.413054,511.88070700000003,361.079987,43.387775
2013-10-31,68.045624,31.298151,511.960205,364.02999900000003,42.99625
2013-11-01,67.698029,31.404211,510.20162999999997,359.0,42.64922
2013-11-04,68.57285300000001,31.766609000000003,509.73962400000005,358.73999,42.257698
2013-11-05,68.403633,32.385323,507.45947300000006,358.890015,41.385674
2013-11-06,68.209824,33.74649,508.070496,356.179993,41.68821
2013-11-07,67.106003,33.145454,500.71832300000005,343.559998,41.189907
2013-11-08,68.16268199999999,33.392948,504.732208,350.309998,41.447956
2013-11-11,67.964958,33.225006,502.02978499999995,354.380005,41.430164000000005
2013-11-12,68.09066,33.021709,502.620941,349.52999900000003,41.029742999999996
2013-11-13,68.171844,33.728809000000005,512.899109,356.22000099999997,41.207703
2013-11-14,69.157845,33.605072,514.270142,367.399994,40.780590000000004
2013-11-15,68.74274399999999,33.445965,513.4405519999999,369.170013,40.753899
2013-11-18,67.909966,32.880302,512.442078,366.179993,40.78949
2013-11-19,68.030441,32.719994,509.28756699999997,364.940002,40.656017
2013-11-20,67.434647,33.022789,507.85189800000006,362.570007,40.19331
2013-11-21,68.238617,33.30777,513.693909,368.920013,40.486946
2013-11-22,68.063156,33.45916,512.610962,372.309998,41.172115000000005
2013-11-25,68.57905600000001,33.521511,519.585571,376.640015,41.536941999999996
2013-11-26,69.843964,33.263245,525.7852780000001,381.369995,41.643723
2013-11-27,71.488602,33.485889,528.1201169999999,386.709991,41.759399
2013-11-29,72.812401,33.957901,526.37146,393.619995,42.675919
2013-12-02,72.17865,34.242878000000005,523.832947,392.299988,42.400065999999995
2013-12-03,74.15454100000001,34.118206,523.226929,384.660004,41.821686
2013-12-04,73.981689,34.679268,525.671021,385.959991,41.536941999999996
2013-12-05,74.361435,33.842117,525.253723,384.48999,41.003048
2013-12-06,73.329613,34.162727000000004,531.478271,386.950012,41.563637
2013-12-09,74.16893,34.474426,535.586548,384.890015,41.599228000000004
2013-12-10,74.05371099999999,33.940090000000005,538.825439,387.77999900000003,41.296692
2013-12-11,73.505066,33.494789000000004,535.164246,382.190002,40.878468
2013-12-12,73.397713,33.147461,531.522949,381.25,40.478054
2013-12-13,72.59764100000001,32.675457,526.9675900000001,384.23999,40.513649
2013-12-16,72.999641,32.853569,533.023193,388.97000099999997,41.189907
2013-12-17,72.670975,32.524052000000005,531.473267,387.649994,40.647121000000006
2013-12-18,72.118401,32.577492,538.870178,395.959991,41.100929
2013-12-19,71.292168,32.283604,539.600403,395.190002,40.887371
2013-12-20,71.889267,32.773422,546.7539059999999,402.200012,41.447956
2013-12-23,74.648193,32.613125,553.947083,402.920013,42.05304
2013-12-24,74.331314,33.022789,552.327637,399.200012,42.168715999999996
2013-12-26,73.83766899999999,33.343395,555.119507,404.390015,42.444561
2013-12-27,73.338776,33.209812,555.586426,398.079987,42.417866
2013-12-30,72.60942800000001,33.209812,551.145325,393.369995,42.969555
2013-12-31,73.460564,33.316677,556.734009,398.790009,42.925064
2014-01-02,72.42742199999999,33.094032,552.963501,397.97000099999997,41.519146
2014-01-03,70.836502,32.871384,548.929749,396.440002,41.634823
2014-01-06,71.222771,32.176739000000005,555.0499269999999,393.630005,41.928463
2014-01-07,70.713402,32.426094,565.750366,398.02999900000003,42.889469
2014-01-08,71.16124,31.847221,566.927673,401.920013,43.939465000000006
2014-01-09,70.252495,31.642389,561.468201,401.01001,43.868279
2014-01-10,69.783722,32.096584,561.438354,397.660004,44.90937
2014-01-13,70.149086,31.152563,557.861633,390.980011,46.235209999999995
2014-01-14,71.544907,31.865026,570.986267,397.540009,47.338589
2014-01-15,72.9813,32.737797,570.598816,395.869995,48.397476
2014-01-16,72.574112,32.853569,574.3742679999999,395.799988,47.97036
2014-01-17,70.795914,32.399384000000005,571.5476070000001,399.609985,46.511051
2014-01-21,71.89580500000001,32.212348999999996,578.090088,407.049988,45.452164
2014-01-22,72.215294,31.998613,578.745789,404.540009,45.105133
2014-01-23,72.826813,32.114388,576.301697,399.869995,45.514454
2014-01-24,71.503006,32.782333,558.283875,387.600006,44.2687
2014-01-27,72.083046,32.087672999999995,547.056946,386.27999900000003,44.437767
2014-01-28,66.321632,32.301414,557.876526,394.429993,45.007252
2014-01-29,65.568726,32.648742999999996,549.883545,384.200012,44.072941
2014-01-30,65.44171899999999,32.826859000000006,564.02655,403.01001,44.642429
2014-01-31,65.549095,33.699622999999995,586.669312,358.690002,42.871677000000005
2014-02-03,65.67088299999999,32.488434000000005,563.0528559999999,346.149994,41.759399
2014-02-04,66.62149000000001,32.372662,565.402588,347.950012,41.955162
2014-02-05,67.11908000000001,31.900644,567.9063110000001,346.450012,42.293293
2014-02-06,67.510292,32.221256,576.232178,354.589996,43.245403
2014-02-07,68.454773,32.559684999999995,584.91571,361.079987,43.227604
2014-02-10,69.681145,32.773422,582.675232,360.869995,42.720409000000004
2014-02-11,70.599236,33.102936,591.244507,361.790009,43.227604
2014-02-12,70.593987,33.370113,589.510803,349.25,43.530148
2014-02-13,71.714951,33.494789000000004,596.07312,357.200012,43.601334
2014-02-14,71.65699000000001,33.503704,597.513733,357.350006,43.530148
2014-02-18,71.920433,33.575478000000004,601.527649,353.649994,43.94836
2014-02-19,70.784981,33.656234999999995,597.285217,347.380005,43.022949
2014-02-20,69.96566,33.871582000000004,598.16449,349.799988,43.005154
2014-02-21,69.18845400000001,34.077953,598.005554,346.76001,42.809391
2014-02-24,69.49143199999999,33.817738,602.337402,351.77999900000003,43.494553
2014-02-25,68.768272,33.683147,606.058167,358.320007,43.103031
2014-02-26,68.147835,33.620342,606.1426389999999,359.799988,42.569134000000005
2014-02-27,69.50725600000001,33.970271999999994,605.66571,360.130005,42.667015
2014-02-28,69.318871,34.374043,603.897217,362.100006,43.01405
2014-03-03,69.51908900000001,33.898491,597.4591059999999,359.77999900000003,41.697109000000005
2014-03-04,69.97749300000001,34.463764000000005,603.529602,363.899994,42.400065999999995
2014-03-05,70.125038,34.194599,605.193787,372.369995,42.248798
2014-03-06,69.91295600000001,34.230488,605.864441,372.160004,43.005154
2014-03-07,69.872116,34.006165,603.4700320000001,372.059998,41.990749
2014-03-10,69.935364,33.934383000000004,601.870422,370.52999900000003,41.385674
2014-03-11,70.616364,34.113834000000004,596.117798,368.820007,40.807285
2014-03-12,70.684845,34.33815,599.7492070000001,370.640015,40.326782
2014-03-13,69.899796,33.997192,590.688171,371.51001,38.689507
2014-03-14,69.114693,33.826716999999995,582.6106570000001,373.73999,38.529339
2014-03-17,69.38475,34.140751,592.198303,375.040009,38.911961
2014-03-18,69.998589,35.486649,601.716431,378.769989,39.677212
2014-03-19,69.980148,35.235405,595.7502440000001,373.230011,39.783993
2014-03-20,69.642914,36.186508,594.711975,368.97000099999997,39.872971
2014-03-21,70.192223,36.033966,587.697571,360.619995,39.383568
2014-03-24,71.02471899999999,36.339043,575.223694,351.850006,39.072132
2014-03-25,71.788719,36.195477000000004,575.61615,354.709991,39.481453
2014-03-26,71.102425,35.701988,562.327576,343.410004,39.250091999999995
2014-03-27,70.79682199999999,35.316165999999996,555.406067,338.47000099999997,39.027640999999996
2014-03-28,70.717804,36.159588,556.927734,338.290009,39.436958000000004
2014-03-31,70.701996,36.778709,553.924255,336.369995,39.890766
2014-04-01,71.348747,37.164524,564.058533,342.98999,40.816181
2014-04-02,71.4673,37.101719,563.899353,341.959991,40.958557
2014-04-03,70.972038,36.796634999999995,566.6243900000001,333.619995,40.059834
2014-04-04,70.053917,35.773765999999995,540.1698610000001,323.0,40.077633
2014-04-07,68.95401,35.710957,535.2071530000001,317.76001,39.472549
2014-04-08,68.950058,35.728909,551.86554,327.070007,39.517044
2014-04-09,69.856323,36.312129999999996,561.054993,331.809998,40.228901
2014-04-10,68.955338,35.316165999999996,537.991821,317.109985,39.116619
2014-04-11,68.445541,35.181576,527.698425,311.730011,38.538242
2014-04-14,68.71820100000001,35.154655,529.60791,315.910004,38.929759999999995
2014-04-15,68.228188,35.666096,533.50647,316.079987,38.493748
2014-04-16,68.366501,36.249313,553.496582,323.679993,38.689507
2014-04-17,69.147636,35.89938,533.168335,324.910004,39.410267
2014-04-21,69.96826899999999,35.836575,525.7292480000001,330.869995,39.276794
2014-04-22,70.038078,35.881443,531.885437,329.320007,39.570431
2014-04-23,69.12260400000001,35.612259,524.0584719999999,324.579987,39.401367
2014-04-24,74.78942099999999,35.764796999999994,522.288208,337.149994,39.134418
2014-04-25,75.338707,35.809658,513.3573,303.829987,38.440360999999996
2014-04-28,78.256416,36.671028,514.32196,296.579987,38.769591999999996
2014-04-29,78.024574,36.348011,524.81427,300.380005,39.552639
2014-04-30,77.729515,36.249313,523.7799679999999,304.130005,39.178909000000004
2014-05-01,77.912598,35.890408,528.444336,307.890015,39.330181
2014-05-02,78.05749499999999,35.612259,525.0430299999999,308.01001,38.974251
2014-05-05,79.161354,35.378979,524.9237059999999,310.049988,38.609425
2014-05-06,78.29856099999999,35.046997,512.3229980000001,297.380005,37.737396000000004
2014-05-07,78.024574,35.369995,507.17129500000004,292.709991,37.897564
2014-05-08,77.885483,35.567394,508.20562699999994,288.320007,38.146716999999995
2014-05-09,77.560959,35.477665,515.893311,292.23999,37.790787
2014-05-12,78.526588,35.863495,527.022156,302.859985,38.1912
2014-05-13,78.649788,36.523113,530.174805,304.640015,38.26239
2014-05-14,78.664345,36.360477,523.77002,297.619995,37.861973
2014-05-15,77.99543800000001,35.782166,517.136536,295.190002,37.43486
2014-05-16,79.14651500000001,35.98999,517.782959,297.700012,37.523838
2014-05-19,80.08431999999999,35.917709,525.9679570000001,296.76001,37.070026
2014-05-20,80.100212,35.854465000000005,526.8729860000001,301.190002,36.847572
2014-05-21,80.312164,36.459858000000004,535.992798,305.01001,36.829777
2014-05-22,80.43933100000001,36.233967,542.079346,304.910004,36.972149
2014-05-23,81.348,36.252026,549.677551,312.23999,37.217796
2014-05-27,82.871315,36.315289,562.855103,310.820007,37.729256
2014-05-28,82.65673100000001,36.152640999999996,558.608459,310.160004,37.583121999999996
2014-05-29,84.162796,36.450829,557.017212,313.77999900000003,37.473526
2014-05-30,83.847534,36.992985,556.8282469999999,312.549988,37.016865
2014-06-02,83.271339,36.857437,550.900879,308.839996,36.916401
2014-06-03,84.448914,36.405643,541.960022,307.190002,36.834202000000005
2014-06-04,85.413208,36.432751,541.6815190000001,306.77999900000003,37.016865
2014-06-05,85.748337,37.236954,550.871033,323.570007,36.021347
2014-06-06,85.51258100000001,37.480915,553.28772,329.670013,37.08036
2014-06-09,86.880882,37.291168,559.0460820000001,327.5,36.908073
2014-06-10,87.390854,37.146595,557.4846190000001,332.410004,36.563492
2014-06-11,87.029251,36.920696,555.783997,335.200012,36.352917
2014-06-12,85.573494,36.66769,548.334961,325.910004,36.113628000000006
2014-06-13,84.636986,37.255024,548.742737,326.269989,35.97963
2014-06-16,85.490044,37.499001,541.30365,327.619995,35.692478
2014-06-17,85.378777,37.661636,540.040588,325.619995,35.386189
2014-06-18,85.471512,37.634537,550.343933,334.380005,35.912624
2014-06-19,85.174797,37.508026,551.86554,327.0,36.352917
2014-06-20,84.29393,37.661636,553.317566,324.200012,35.280899
2014-06-23,84.219749,37.94175,561.860596,327.23999,35.166046
2014-06-24,83.709801,37.724888,561.5324099999999,324.160004,34.783176
2014-06-25,83.783936,37.977894,575.4856570000001,327.440002,34.917179
2014-06-26,84.284676,37.697784000000006,572.850159,325.690002,33.988731
2014-06-27,85.286057,38.176682,574.083374,324.570007,34.02702
2014-06-30,86.166939,37.679714000000004,572.134094,324.77999900000003,33.672874
2014-07-01,86.713982,37.833321000000005,579.483704,332.390015,33.759014
2014-07-02,86.676888,37.860432,579.1505129999999,332.850006,33.730301000000004
2014-07-03,87.186874,37.770069,581.5324099999999,337.48999,34.496033000000004
2014-07-07,88.985687,37.94175,579.065979,333.549988,33.940876
2014-07-08,88.41080500000001,37.752003,567.967041,323.809998,33.337868
2014-07-09,88.447891,37.652596,572.929749,329.97000099999997,34.065308
2014-07-10,88.12335999999999,37.670673,567.976929,327.920013,33.203860999999996
2014-07-11,88.29026,38.032112,576.012756,346.200012,33.19429
2014-07-14,89.430748,38.077286,581.6716309999999,355.320007,33.940876
2014-07-15,88.383003,38.357403000000005,581.5821530000001,354.440002,34.56303
2014-07-16,87.88229399999999,39.830257,579.473755,355.899994,34.993755
2014-07-17,86.31527700000001,40.23687,570.5925900000001,352.450012,34.199306
2014-07-18,87.557755,40.381443,591.825806,358.660004,34.610889
2014-07-21,87.103439,40.516979,586.246521,359.76001,34.314171
2014-07-22,87.82665300000001,40.50795,591.487671,360.839996,33.309151
2014-07-23,90.11689,40.544083,592.7208860000001,358.140015,34.122741999999995
2014-07-24,89.968544,40.119408,590.105286,358.609985,34.754463
2014-07-25,90.56195799999999,40.209763,585.79895,324.01001,34.333313000000004
2014-07-28,91.813713,39.730862,587.3703,320.410004,34.333313000000004
2014-07-29,91.220299,39.658573,582.407593,320.0,34.161021999999996
2014-07-30,91.007019,39.378464,584.207703,322.51001,33.854729
2014-07-31,88.642609,38.998959,568.474243,312.98999,32.696568
2014-08-01,89.134033,38.727878999999994,562.9744870000001,307.059998,32.485991999999996
2014-08-04,88.63333100000001,39.188713,570.0157469999999,313.649994,32.342422
2014-08-05,88.19754,38.926659,561.979919,312.320007,31.413975
2014-08-06,88.04920200000001,38.619446,563.276794,313.890015,31.413975
2014-08-07,88.03987099999999,39.062206,560.2792969999999,311.450012,31.2034
2014-08-08,88.282135,39.035099,565.659729,316.799988,31.873409000000002
2014-08-11,89.44695300000001,39.035099,564.774536,318.329987,31.471407
2014-08-12,89.428314,39.324257,559.65271,319.320007,31.385263000000002
2014-08-13,90.61174,39.830257,571.636841,326.27999900000003,31.739409999999996
2014-08-14,90.854004,40.00193,571.507568,333.209991,31.729837
2014-08-15,91.30130799999999,40.471806,570.343933,333.630005,31.519262
2014-08-18,92.400871,40.760952,578.976501,334.52999900000003,31.595834999999997
2014-08-19,93.677475,41.215571999999995,583.650757,335.130005,31.68198
2014-08-20,93.71476,40.870064,581.293762,335.77999900000003,31.624552
2014-08-21,93.724068,41.115551,580.179871,332.910004,31.930843
2014-08-22,94.413635,41.05191,579.3742679999999,331.589996,31.863844
2014-08-25,94.61863699999999,41.070084,577.0272219999999,334.019989,32.438137
2014-08-26,94.012939,40.924609999999994,574.700012,341.829987,33.069859
2014-08-27,95.16841099999999,40.797325,567.8775019999999,343.179993,33.57716
2014-08-28,95.280251,40.806412,566.087341,340.019989,32.926289000000004
2014-08-29,95.513176,41.306503,568.474243,339.040009,32.840145
2014-09-02,96.258659,40.997349,574.172913,342.380005,32.734856
2014-09-03,92.195854,40.87915,574.779541,339.0,33.481441
2014-09-04,91.43175500000001,41.151928000000005,578.7974849999999,345.950012,33.376152000000005
2014-09-05,92.22380799999999,41.742931,582.8750610000001,346.380005,33.653728
2014-09-08,91.655396,42.252102,586.4951169999999,342.339996,33.424007
2014-09-09,91.31061600000001,42.515781,577.832764,329.75,33.223007
2014-09-10,94.115448,42.588512,579.911316,331.329987,33.77816
2014-09-11,94.516129,42.733990000000006,578.1708980000001,330.519989,33.739872
2014-09-12,94.730461,42.461224,572.472229,331.190002,33.529293
